coarse_temp,coarse_rain,elevation,slope,ndvi,fine_temp,fine_rain
32,20,650,22,0.72,27.8,39.5
32,20,120,4,0.45,31.2,22.4
32,20,70,2,0.55,31.5,21.8
32,20,480,18,0.68,28.9,35.8
30,10,650,22,0.72,25.8,29.1
30,10,120,4,0.45,29.2,13.2
30,10,70,2,0.55,29.6,11.9
30,10,480,18,0.68,26.9,25.8
34,30,650,22,0.72,29.6,49.8
34,30,120,4,0.45,33.1,32.7
34,30,70,2,0.55,33.5,31.6
34,30,480,18,0.68,30.9,45.4
28,5,650,22,0.72,23.7,24.5
28,5,120,4,0.45,27.2,8.1
28,5,70,2,0.55,27.5,7.2
28,5,480,18,0.68,24.9,21.3
36,40,650,22,0.72,31.8,59.2
36,40,120,4,0.45,35.2,42.5
36,40,70,2,0.55,35.5,41.4
36,40,480,18,0.68,33.0,55.1
26,15,650,22,0.72,21.8,34.1
26,15,120,4,0.45,25.2,17.4
26,15,70,2,0.55,25.5,16.5
26,15,480,18,0.68,22.9,30.8
33,25,650,22,0.72,28.8,44.2
33,25,120,4,0.45,32.2,27.1
33,25,70,2,0.55,32.5,26.2
33,25,480,18,0.68,29.9,40.5
31,35,650,22,0.72,26.9,54.1
31,35,120,4,0.45,30.3,37.2
31,35,70,2,0.55,30.5,36.1
31,35,480,18,0.68,28.0,49.8
35,15,650,22,0.72,30.8,34.0
35,15,120,4,0.45,34.2,17.5
35,15,70,2,0.55,34.5,16.8
35,15,480,18,0.68,31.9,30.9
29,25,650,22,0.72,24.9,44.5
29,25,120,4,0.45,28.3,27.8
29,25,70,2,0.55,28.6,26.7
29,25,480,18,0.68,26.0,40.8
27,0,650,22,0.72,22.7,18.5
27,0,120,4,0.45,26.2,2.5
27,0,70,2,0.55,26.5,1.8
27,0,480,18,0.68,23.9,15.2
37,50,650,22,0.72,32.7,68.5
37,50,120,4,0.45,36.1,52.3
37,50,70,2,0.55,36.4,50.9
37,50,480,18,0.68,33.8,64.2